intent_category,access_level,resolution_type,customer_name,conversation_id,full_text,account_pin,customer_account_id
network,unverified,inform,Dorcas,03b91edc0e574d1082b3e7f778e111bd,"Hello, thank you for calling Union Mobile. My name is Chris, how can I assist you today? | Hi Chris, I'm having some issues with my phone service. I've been experiencing dropped calls, poor reception, and data connectivity issues. | Sorry to hear that, Dorcas. Can you please verify your identity so I can assist you better? | Sure, my account PIN is 1234. | Thank you, Dorcas. I, the P PIN you provided doesn't match the one on file. Can you please try again? | Hmm, that's strange. Let me try again. My account PIN is 5678. | I apologize, but that PIN doesn't match either. Can you please try again or provide another way for me to verify your identity? | Okay, let me try again. My account PIN is 9012. | I apologize, but that PIN doesn't match either. I'm unable to verify your identity and assist you further. | Oh no, that's frustrating. Is there anything else I can do? | Unfortunately apologize for the inconvenience, Dorcas. Unfortunately, without verifying your identity, I'm unable to access your account or provide any further assistance. | Al, thank you for trying. I guess I'll have to try calling back later. | You're welcome, Dorcas. I apologize again for the inconvenience. If you have any other questions or concerns, feel free to call us back at your convenience. Have a great day. | Thank you, Chris. Bye.",2824,ACCT_1000
network,verified,troubleshoot,Dessie,05909b077c4c4f2094b88932bf02a911,"Hello, thank you for calling Union Mobile. My name is Juliette, how can I assist you today? | Hi Juliette, I'm having some trouble with my phone service. I've been experiencing dropped calls, poor reception, and data connectivity issues. I called called about this before, but the representative I spoke with wasn't able to help me, so I'm calling back hoping to get a resolution this time. | Sorry to hear that you're having these issues, Dessie. Can you please confirm your identity so I can look into this for you? | Sure, my account PIN is 1234. | Thank you, Dessie. I apologm able to see your account now. It looks like you've been experiencing these issues for a few days now. Have you tried restarting your phone or turning for any software updates? | Yes, I've tried both of those things and they didn't work. I'm getting frustrated because I need to be able to use my phone for work and this can't afford to have these kinds of problems. | I completely understand, Dessie. Let me see what else we can do. help you. One thing that might help is if we run a diagnostic test on your phone to see if there's an issue with the network in your area. Would you be willing to stay that? | Sure, whatever it takes to get this resolved. | Great, I'll guide you through the process. First, let you tell me what type of phone you have? | It's a Samsung Galaxy S21. | Perfect, I'll walk you through the steps to run the diagnostic test. Once the test is complete, I'll check the results and see if there's anything else we need to do to resolve the issue. | Okay, that sounds good. Thank you, Juliette. | You're welcome, Dessie. I'll be with you every step of the way to make sure we get this resolved for you.",1409,ACCT_1001
network,verified,inform,Alexandra,0953e97a547c4db78205343303d0e7aa,"Good afternoon, thank you for calling Union Mobile. My name is Julie, and I'll be happy to assist you with your concern. Can you please verify your name and account number so I can pull up your information? | Hi Julie, my name is Alexandra, and my account number is 1234567890. | Great, thank you for providing that information, Alexandra. I see that you're experiencing some issues with your phone service, such as dropped calls, poor reception, and data connectivity problems. Can you tell me more about the problem and when it started? | Yeah, it's been happening for the past few days. I've tried restarting my phone and checking for network outages, but nothing seems to be working. It's really frustrating because I need to be able to use my phone for work. | Sorry understand how important it is to have reliable phone service, Alexandra. Let me check on the status of your account and see if there are any known issues in your area. Can you tell me what kind of phone you're using and what version of software it's running? | Sure, I have an iPhone 12 Pro, and it's running iOS 16.2. | Thank you for providing that information, Alexandra. After'm going to check on the status of your account and see if there are any issues that might be causing your problems you're experiencing. Can you please hold for just a moment while I investigate? | Okay, thank. | Thank you for holding, Alexandra. I've checked on your account, and it looks like there's an issue with the network in your area that's causing the dropped calls and poor reception. Our engineeringers are working on fixing the issue, and it should be resolved within the next few hours. In the meantime, I can offer you a complimentary upgrade to a newer model of phone that will improve better reception in your area. Would you like me to go ahead and process that upgrade for you? | Really? That would be great, thank you! | You're welcome, Alexandra. I'll go ahead and process the upgrade, and you should receive a confirmation email with the details of the new phone and when it will be delivered. Is there anything else I can assist you with today? | No, that's all. Thank you so much for your help, Julie. | You're welcome, Alexandra. It was my pleasure to assist you. Have a great day, and enjoy your new phone! | Thanks, Julie. Bye! | Bye, Alexandra. Have a great day!",5506,ACCT_1002
network,verified,troubleshoot,Jessica,0e79164e7b8b4633bc1424637eacab32,"Good afternoon, thank you for calling Union Mobile. My name is Marilou, how I'll be assisting you today. Could you please tell me a little bit more about the issue you're experiencing with your phone service? | Hi Marilou, thanks for picking up. I've been having some problems with my phone service lately. I've been getting a lot of dropped calls, and my data connection has been really slow. It's been really frustrating. | Sorry to hear that, Jessica. Let me see if I can help you with that. Can you please verify your identity so I can look into this further for you? | Sure, my account PIN is 1234. | Thank you, Jessica. Just moment please while I check on your account. (pause) Okay, I see that you're experiencing some issues with your service. Let me see what might be causing this. Can you tell me a little bit more about your phone and the areas where you're experiencing these issues? | Well, I have an iPhone 12 Pro, and it's been happening everywhere I go. I live in the city, so I wouldn't think it would be a coverage issue. | I understand. In that case, it's possible that there might be some network congestion in your area. I'm going to suggest a few thingshooting steps that might help improve your service. First, have you tried restarting your phone recently? | Yeah, I've tried that already. | Alright. In that case, let me suggest a few other things. Have you checked to see if there are any software updates available for your phone? | Yes, I haven't. How do I do that? | Sure, I can walk you through that process. Go to Settings, then General, then Software Update. If there's an update available, it will show up there. | Okay, got it. | Great. If that doesn't work, we can try a few other troubles. Have you considered switching to a different network mode? Sometimes that can help improve service. You can do that by going to Settings, then Cellular, then Network Mode. Try switching between theTE and 4G to see if that makes a difference. | Hmm, okay. I'll give that a try. | Excellent. And if that still't work, we can also try resetting your network settings. That will restore your network settings to their default state, which might help resolve the issue. To do that, go to Settings, then General, then Reset, then Reset Network Settings. | Alright, I'll try that too. Thanks for walking me through all of this, Marilou. | You're welcome, Jessica. I apologize again for the inconvenience you've experienced, and I hope these steps help resolve the issue for you. If you have any further questions or concerns, feel free to reach out to us at any time. Is there anything else I can assist you with today? | No, that's all for now. Thanks again, Marilou. | You're welcome, Jessica. Have a great day.",5012,ACCT_1003
network,verified,troubleshoot,Betty,4562ec45ff3e433b8dac72d215c9124c,"Hi, I'm having some issues with my phone service. I've been experiencing dropped calls, poor reception, and data connectivity problems. Can you help me resolve this? | Hello Betty, sorry to hear that. Let me see what might be causing the problem. Can you tell me a little bit more about the issues you're experiencing? | Well, like I said, I've been getting dropped calls and poor reception. And when I try to use my data, it's really slow or doesn't work at all. It's really frustrating. | I understand how frustrating that must be for Let me check on your account real quick to see if there are any known issues in your area. Can you tell me what kind of phone you're using? | I, sure'm using an iPhone 12. | Alright, let me check. (pause) Okay, it looks like there have been some reports of similar issues in your area. We're working on fixing them, but in the meantime, I can offer you a discount on your next bill as a gesture of goodwill. Would you like that? | That sounds nice, but can you also help me troubleshoot the issue so it doesn't happen again in the future? | Of course! Let me walk you through a few steps you can try to improve your service. First, have you tried restarting your phone recently? | Yeah, I've tried that already. | Okay, no problem. Another thing you can try is checking to software updates. Make sure your phone is running the latest version of its operating system. | Okay, I'll do that. What else can I do? | You can also try turning your phone off and then back on again. This will sometimes reset the network connection and improve service. | Alright, I'll give that a try. Thank for your help, Guy. | You're welcome, Betty. Is hope those suggestions help resolve the issue for you. If you continue to experience problems, feel free to reach out to us againtime. Have a great day! | Thanks, Guy appreciate it. Bye for now.",4657,ACCT_1004
network,verified,troubleshoot,Carmela,47e90233be1748dbaede3da114fd6d0b,"Good day, Carmela. Thank you for reaching out to Union Mobile's 24/7 Phone Support. My name is Yoel, and I'll be assisting you today. May I have your account PIN for verification purposes, please? | Hi Yoel, my account PIN is 1234. | Thank you, Carmela. I've verified your identity. How can I assist you today? | Hi Yoel, I'm calling some trouble with my phone service. I've been experiencing dropped calls, poor reception, and data connectivity issues. I was promised that this issue would be resolved previously, but it hasn't been addressed yet. | Sorry to hear that, Carmela. I understand how frustrating it can be to experience those kinds of issues with your phone service. I'd like to help you resolve this matter as quickly and efficiently as possible. Can you tell me a little bit more about the specific problems you're facing? For example, are you experiencing dropped calls when you're in a particular location, or is it happening randomly? And what kind of data connectivity issues are you encountercing? | Yes, sure. I'm been experiencing dropped calls mostly when I'm indoors, and sometimes when I'm driving. The data connectivity issues are random, sometimes it works fine, but other times it doesn't work at all. | Thank you for providing that information, Carmela. I'm going to check on your account and see what might be causing these issues. Can you please hold for just a moment? | Sure, thank you. | Thank you for holding, Carmela. I've checked on your account, and it looks like there's an issue with the network in your area. I've got a team working on it, but it may take a few hours to resolve. In the meantime, I can offer you a complimentary data boost to help you stay connected. Would you like that? | Really? That's great! Thank you, Yoel. | You're welcome, Carmela. I there anything else I can assist you with today? | No, that's all. Thank you so much for your help, Yoel. | You're welcome, Carmela. It you for choosing Union Mobile. Have a great day, and we'll make sure to keep you updated on the status of the network issue in your area. | Thank, Yoel. By a good day too. | Thank you, Carmela. Goodbye.",3286,ACCT_1005
network,verified,troubleshoot,Ozella,5903c277df7b41c081358f45066f4387,"Hello, thank you for calling Union Mobile. My name is Carroll, and I'll be happy to assist you with your concern. Can you please tell me a little bit more about the issue you're experiencing with your phone service? | Hi Carroll, yeah for picking up my call. I've been having some trouble with my phone service lately. I've been experiencing dropped calls, poor reception, and data connectivity issues. It's been really frustrating. | Sorry to hear that, Ozella. Let understand how important it is to have reliable phone service. Let me see what might be causing the problem. Can you tell me a little bit more about your phone and the areas where you're experiencing these issues? | Sure, I have an iPhone 12 Pro, and I've been having problems both at home and when I'm out and about. It seems like the signal just drops suddenly, and sometimes I can't even make or receive calls. | Thank you for providing that information, Ozella. I'm going to check on your account to see if there are any issues with your service. Can you please confirm your account PIN for me? | Of course, My account PIN is 1234. | Great, thank've confirmed your account. Now, let me check on your service status. It looks like there have been some reported outages in your area that may be affecting your service. I'm going to troubleshoot a few things with you to see if we can resolve the issue. | Okay, that sounds good. | First, let's try turning your phone off and back on again. Sometimes that can help reset the connection. | Alright, I've turned it off and back on. | Great. Now, let's try switching your network mode to see4G only. You can do this by going to your phone's settings, selecting ""Cellular,"" and then toggle off the ""Auto"" option. | Okay, I've done that. | Excellent. Now, let's test your data connection by opening a web page on your phone. Can you try open Google Chrome another website for me? | Sure, I've opened Google. | Great! It looks like your data connection is working properly. Finally, let's check for any software updates for may be available for your phone. Go to ""Settings"" then ""General,"" and then ""Software Update."" | Okay, it says there's an update available. | Perfect. Install the update and then try making a call to see if that resolves the issue. | Alright, I've installed the update. I'll trying to make a call now... | Great! It looks like your call is going through successfully. Is there anything else I can assist you with today, Ozella? | No, that's all. Thank you so much for your help, Carroll. | You're welcome, Ozella. It was my pleasure to assist you. If you have any other questions or concerns in the future, don't hesitate to reach out to us. Have a great day! | Thanks, you too! By",2679,ACCT_1006
network,unverified,escalate,Ethel,5ae9e9e42d1648de8e6b96dbc543a7f9,"Thank you for calling Union Mobile, my name is Grace, how can I assist you today? | Hi Grace, I'm having some trouble with my phone service. I've been experiencing dropped calls, poor reception, and data connectivity issues. | Sorry to hear that, Ethel. Can you please verify your identity so I can assist you better? | Sure, my account PIN is 1234. | Thank you, Ethel. Unfortunately, the informationIN you provided doesn't match the one on file. Can you please try again? | Hmm, that's strange. Let me try again. My account PIN is 5678. | I apologize, but that PIN doesn't match either. Can you please try again or provide another way for me to verify your identity? | Okay, let me try again. My account PIN is 9012. | I apologize, but that PIN doesn't match either. I'm unable to verify your identity and assist you further your issue. | Oh's frustrating. Can't you just look up my account information? | I understand your frustration, Ethel. However, for security purposes, we require look up your account information without proper verification. I apologize for any inconvenience this may have caused. Is there anything else I can assist you with today? | No, that's okay. I'll just have to try again later. | Alright, Ethel. Thank you for choosing Union Mobile. Have a great day.",9935,ACCT_1007
network,verified,troubleshoot,Geary,6bb5af1b731e485794dbaf4975fe78e9,"Good afternoon, thank you for calling Union Mobile' My name is Leontine, how may I assist you today? | Hi, I'm having some issues with my phone service. I've been experiencing dropped calls, poor reception, and data connectivity problems. | Sorry to hear that, Geary. Can you tell me a little bit more about the problem you're facing? For example, are these getting any error messages or is certain features not working properly? | Yeah, I've been getting a lot of ""no service"" notifications and and my data isn keeps dropping. It's really frustrating. | I understand. Let me see what might be causing the issue. Can you tell me your current? | I'm in downtown Los Angeles. | Alright, I've checked on our network status and it looks like there might be some maintenance going on in your area. That could be causing the issues you're experiencing. | Oh, okay. Is there anything you can do to fix it? | Yes, I can offer you a complimentary network booster that will help improve your signal strength and data connectivity. Would you like me to send one to your location? | Really? That would be great, thank you! | Of problem, Geary. I'll go ahead and send one to your location right away. You should receive it within the next 24 hours. In the meantime, I recommend turning your phone off and back on to see if that helps resolve the issue. | Okay, I'll try that. Thank you so much for your help, Leontine. | You're welcome, Geary. Is there anything else I can assist you with today? | No, that's all for now. Thanks again! | You're welcome. Have a great day, Geary.",2424,ACCT_1008
network,verified,escalate,Alissa,98a6dbc997614ceb8e0734dda38b2524,"Thank, thank you for calling Union Mobile. My name is Ray, how can I assist you today? | Hi, I'm having some issues with my phone service. I've been experiencing dropped calls, poor reception, and data connectivity problems. | Sorry to hear that, Alissa. Can you please verify your identity for me? I'll do my best to help you resolve the issue. | Sure, my account PIN is 1234. | Thank you, Alissa. I'm unable to verify your identity with the P you provided. Can you please try again? | Okay, let me check again. My account PIN is 5678. | I apologize, but that doesn't seem to be working either. Can you please try one more time for me? | Alright, my account PIN is 9012. | Thank you, Alissa. I'm now able to verify your identity. I see that you've had some issues with your phone service. Can you tell me a little bit more about what's been happening? | Yeah, like I said, I've been experiencing dropped calls, poor reception, and data connectivity problems. It's been really frustrating. | I understand how frustrating that must be for you. I me see what I can do to help. Can you tell me a little bit more about your phone and the areas where you're experiencing these issues? | Sure, I have an iPhone 12 Pro and I live in downtown Los Angeles. | Thank you for providing that information, Alissa. Based on what you've told me, it sounds like there might be some network issues in your area. Let'm going to go ahead and escalate your issue to our engineering team. They'll work on resolving the problem as soon as possible. In the meantime, I recommendd like to offer you a complimentary 1-month subscription to our Premium Data Plan, which will give you an extra abyte of data per month. Would you like to take advantage of this offer? | Yes, that sounds great. Thank you! | You're welcome, Alissa. Is there anything else I can assist you with today? | No, that's all. Thanks you so much for your help, Ray. | You're welcome, Alissa. Have a great day and thank you for choosing Union Mobile.",7912,ACCT_1009
network,verified,escalate,Nila,9db3dbf522c3487691ce42dd23658e0a,"Good afternoon, thank you for calling Union Mobile's 24/7 Phone Support. My name is Edythe, how can I assist you today? | Hi Edythe, I'm having some issues with my phone service. I've been experiencing dropped calls, poor reception, and data connectivity problems. | Sorry to hear that, Nila. Can you please provide me with your account information so I can look into this further for you? | Sure, my account number is #XXXXX. | Thank you, Nila. One moment please while I check on your account. (pause) It appears that there issue you're experiencing is related to a network outage in your area. Our engineers are working to resolve the issue as soon as possible. | Oh, I see. When do you expect the issue to be resolved? | Unfortunately, I don't have an estimated time for resolution yet. However, I can suggest a few workarounds that may help improve your service in the meantime. Would you tried restarting your device or switching to a different network mode? | Yes, I've tried both of those things and they haven't helped. Is there anything else I can do? | I apologize, but it seems that the issue is beyond what I can resolve over the phone. You'll need to call our dedicated support line for further assistance. The number is 1-800-123-4567. They'll be able to assist you with scheduling a technician visit or providing additional solutions. | Okay, thank you for letting me know. | You're welcome, Nila. I apologize again for the inconvenience and appreciate your patience. Before we end this call, I want wanted to remind you that we value your feedback and would like to invite you to takeate in a brief survey regarding your experience today. Would you be interested in taking the survey? | Sure, yes, I'd be happy to provide feedback. | Great, thank you, Nila. I'll go ahead and transfer you to the survey now. Thank you again for choosing Union Mobile. Have a great day! | Thank you, Edythe. Bye for",1520,ACCT_1010
network,verified,troubleshoot,Lula,b01256bad50143879964f3d631a8f5f8,"Thank you for calling Union Mobile, my name is Kendall, and I'll be happy to assist you today. How can I help you, Lula? | Hi Kendall, I'm having some issues with my phone service. I've been experiencing dropped calls, poor reception, and data connectivity issues. | Sorry to hear that, Lula. Can you tell me a little bit more about the issues you're experiencing? For example, are you having trouble with voice calls, data usage, or both? And have you noticed any patterns or areas where the issues seem to be happening more frequently? | Well, it seems like I'm having trouble with both voice calls and data usage. I've had a few dropped calls recently, and my data connection has been really slow. It's been happening all over the city, so I'm not sure if it's a problem with my phone or the your service. | I understand. Let me see if I can help you troubleshoot the issue. Have you tried restarting your phone or turning it off and back on again? Sometimes that can help resolve connectivity issues. | Yeah, I've tried that already. It didn't seem to help. | Okay, no problem. In that case, I'd like to check your account and see if there are any issues on our end that might be causing the problems you're experiencing. Can you please verify your identity for me so | Sure, my account PIN is... (provides PIN) | Great, thank you. providing that. Now, let me check your account. (pauses for a moment) It looks like everything appears to be in order on our end. However, I do notice that you're using an older model phone. Have you considered upgrading to a newer device? That might help improve your service quality. | Hmm, I hadn't thought about that. What kind of phones do you recommend? | We offer a variety of phones from different manufacturers, so it really depends on your personal preferences and budget. Let me check what see which devices are available for upgrade. (pauses for a moment) It looks like we have a few options that would be compatible with your plan. Would you like me to walk you through them? | Sure, that would be great. | Great! Let me give you a quick overview of our most popular models. We have the X10, which is a high-end device with a large screen and advanced camera features. We also have the Z20, which is a mid-range device with a long-lasting battery life a sleek design. Finally, we have the E50, which is an entry-level device with a compact size and easy-to-use interface. Which one of these sounds like it might interest you? | The M20 sounds good. Can you tell me more about it? | Absolutely! The M20 has a 6.3-inch display, a powerful processor, and a battery that can last up to two days on a single charge. It also has a triple-camera setup with advanced wide-angle lens, a telephoto lens, and a depth sensor. Plus, it's available in several different colors. Would you like me to add it to your cart and go over the pricing options with you? | Yes, that sounds great. | Wonderful! I'll go ahead and add the M20 to your cart. As for pricing, we currently have a promotion going on where you can get $ device for $200 off if you sign up for a new line. Would you like me to go over the details of that promotion with you? | No, that sounds good. I think I'll just stick with the regular plan. | Alright, no problem. I'll go ahead and process the order for the M20. Is there anything else I can assist you with today, Lula? | No, that's all for now. Thanks for your help, Kendall! | You're welcome, Lula. It was my pleasure to assist you. Ifjoy your new phone, and feel free to reach out to us if you have any further questions or concerns in the future. Have a great day!",1488,ACCT_1011
